Sites	Indel_prop	Indel_prop(ConvLeaves)	PCOC	PC	OC
518	0.0	0.0	0.765988101404	0.00358236282267	0.998955839021
540	0.0	0.0	0.999994500117	0.11725725342	0.999999259638
572	0.0	0.0	0.999998758977	0.317961026008	0.999999687625
573	0.0	0.0	0.991706727945	0.76267077654	0.983736396426
584	0.0	0.0	0.999913404354	0.820573464829	0.999863598424
588	0.0	0.0	0.420299834349	0.991358900941	0.0716406564198
611	0.0	0.0	0.840334927589	0.000294884155614	0.999954429299
620	0.0	0.0	0.999999582156	0.655729483099	0.999999219094
623	0.0	0.0	0.875260586435	0.105240579142	0.990105161232
665	0.0	0.0	0.999990391334	0.0735588796944	0.999999234677
731	0.0126582278481	0.0434782608696	0.999985025541	0.0212627881633	0.999999698904
751	0.0253164556962	0.0434782608696	0.987459144529	0.0361471453498	0.999521568623
780	0.0253164556962	0.0434782608696	0.999999290483	0.366433615614	0.999999810805
